timestamp_utc,total_value_chf,peak_to_date_chf,drawdown_pct
2026-09-23T09:20:16+00:00,826.55,826.55,0.0
2026-09-23T09:21:52+00:00,826.52,826.55,-0.0
2026-09-23T20:00:03+00:00,820.19,826.55,-0.0077
2026-09-23T20:15:06+00:00,820.07,826.55,-0.0078
2026-09-24T10:03:57+00:00,816.17,826.55,-0.0126
2026-09-24T20:00:03+00:00,819.28,826.55,-0.0088
2026-09-24T20:15:06+00:00,819.41,826.55,-0.0086
2026-09-25T20:00:04+00:00,825.5,826.55,-0.0013
2026-09-25T20:15:05+00:00,825.91,826.55,-0.0008
2026-09-26T20:00:03+00:00,824.99,826.55,-0.0019
2026-09-26T20:15:07+00:00,824.99,826.55,-0.0019
2026-09-27T20:00:03+00:00,824.99,826.55,-0.0019
2026-09-27T20:15:05+00:00,824.99,826.55,-0.0019
2026-09-28T20:00:03+00:00,824.52,826.55,-0.0025
2026-09-28T20:15:06+00:00,824.42,826.55,-0.0026
2026-09-29T20:00:03+00:00,820.31,826.55,-0.0075
2026-09-29T20:15:05+00:00,820.43,826.55,-0.0074
2026-09-30T20:00:03+00:00,822.52,826.55,-0.0049
2026-09-30T20:15:08+00:00,822.39,826.55,-0.005
2026-10-01T20:00:04+00:00,817.73,826.55,-0.0107
2026-10-01T20:15:08+00:00,817.65,826.55,-0.0108
2026-10-02T20:00:04+00:00,821.71,826.55,-0.0059
2026-10-02T20:15:05+00:00,821.82,826.55,-0.0057
2026-10-03T20:00:02+00:00,821.19,826.55,-0.0065
2026-10-03T20:15:05+00:00,821.19,826.55,-0.0065
2026-10-04T20:00:03+00:00,821.19,826.55,-0.0065
2026-10-04T20:15:07+00:00,821.19,826.55,-0.0065
2026-10-05T20:00:04+00:00,828.58,828.58,0.0
2026-10-05T20:15:06+00:00,828.76,828.76,0.0
